{"vae/epoch_completed":1,"vae/epoch_avg_kl_loss":867.449462890625,"_step":38,"initial_generation":{"path":"media/images/initial_generation_0_ebc8b9018faba6179864.png","format":"png","width":256,"height":256,"caption":"Initial: Young, Smiling, Blond_Hair, Attractive","_type":"image-file","sha256":"ebc8b9018faba6179864c0ad58dc5c0595ab2419e97bb590c3b195462f374204","size":51620},"vae/epoch":2,"vae/epoch_avg_recon_loss":86358.40625,"_wandb":{"runtime":382},"_timestamp":1.756845325766043e+09,"vae/step_recon_loss":89684.078125,"vae/epoch_avg_total_loss":86463.015625,"vae/step_kl_loss":740.3525390625,"vae/step":1000,"_runtime":382,"vae/step_total_loss":89946.4609375,"vae/global_step":3545}