{"_runtime":214,"vae/global_step":1901,"_step":20,"vae/step_recon_loss":105146.578125,"vae/step_kl_loss":778.4122924804688,"vae/step_total_loss":105294.4765625,"vae/step":1900,"initial_generation":{"caption":"Initial: Young: 1.00, Smiling: 1.00, Attractive: 1.00, Male: 0.00","_type":"image-file","sha256":"77b41233c57c2a0aeca8fd2bdf164acdc72681ee5318240b96b97a2c7a8da66a","size":50841,"path":"media/images/initial_generation_0_77b41233c57c2a0aeca8.png","format":"png","width":256,"height":256},"_timestamp":1.756846007176534e+09,"_wandb":{"runtime":214},"vae/epoch":1}