{"_timestamp":1.756845498452422e+09,"_runtime":41,"initial_generation":{"format":"png","width":256,"height":256,"caption":"Initial: Young, Smiling, Blond_Hair, Attractive","_type":"image-file","sha256":"aa41a915302a25bdb4701452f5d70d9a96438b310de862b2b2db600832f5230d","size":49280,"path":"media/images/initial_generation_0_aa41a915302a25bdb470.png"},"vae/step":100,"vae/global_step":101,"vae/step_total_loss":98773.21875,"vae/step_recon_loss":98762.4609375,"vae/step_kl_loss":1075.720947265625,"vae/epoch":1,"_wandb":{"runtime":41},"_step":2}