{"vae/global_step":301,"_runtime":48,"_timestamp":1.7568457154611223e+09,"vae/epoch":1,"vae/step_kl_loss":1018.1788330078125,"vae/step_recon_loss":92742.4609375,"vae/step":300,"_wandb":{"runtime":48},"_step":4,"initial_generation":{"caption":"Initial: Young, Smiling, Blond_Hair, Attractive, Male","_type":"image-file","sha256":"701657766ca7451d4910754e90098f6cfba0cb48ccab27c9fb76cca5b80f4073","size":49792,"path":"media/images/initial_generation_0_701657766ca7451d4910.png","format":"png","width":256,"height":256},"vae/step_total_loss":92773.0078125}