{"_runtime":6272,"initial_generation":{"size":51627,"path":"media/images/initial_generation_0_25ca63bccaeee483ba8f.png","format":"png","width":256,"height":256,"caption":"Initial: Young, Smiling, Blond_Hair, Attractive","_type":"image-file","sha256":"25ca63bccaeee483ba8fbe8c04017006f7dc42eb8aa7b93016b2365b4e5886b8"},"vae/epoch":25,"vae/step_total_loss":89668.9609375,"vae/step_recon_loss":89149.0078125,"vae/step_kl_loss":519.9542236328125,"vae/epoch_completed":25,"vae/step":2500,"_timestamp":1.7568365814782386e+09,"vae/epoch_avg_total_loss":87290.15625,"vae/epoch_avg_recon_loss":86726.8828125,"_step":675,"vae/epoch_avg_kl_loss":563.3529663085938,"_wandb":{"runtime":6272},"vae/global_step":63557}