{"_wandb":{"runtime":34},"_runtime":34,"_step":2,"vae/step_recon_loss":71038.28125,"_timestamp":1.7568455678255868e+09,"initial_generation":{"width":256,"height":256,"caption":"Initial: Young, Smiling, Blond_Hair, Attractive","_type":"image-file","sha256":"c135b012ed013835bddcde319859d2e8f60c42794b59640a258e23cec9014792","size":49463,"path":"media/images/initial_generation_0_c135b012ed013835bddc.png","format":"png"},"vae/global_step":101,"vae/step_total_loss":71049.8671875,"vae/step_kl_loss":1158.4560546875,"vae/epoch":1,"vae/step":100}